order_line_id,order_id,sku_id,size,quantity
OL-00001,ORD-00001,SKU-0101,XXL,1
OL-00002,ORD-00002,SKU-0201,Free,1
OL-00003,ORD-00002,SKU-0301,M,1
OL-00004,ORD-00003,SKU-0103,M,1
OL-00005,ORD-00003,SKU-0401,S,1
OL-00006,ORD-00004,SKU-0101,M,1
OL-00007,ORD-00004,SKU-0103,S,1
OL-00008,ORD-00005,SKU-0401,M,1
OL-00009,ORD-00006,SKU-0101,M,1
OL-00010,ORD-00007,SKU-0301,XL,1
OL-00011,ORD-00008,SKU-0201,Free,1
OL-00012,ORD-00009,SKU-0601,6Y,1
OL-00013,ORD-00009,SKU-0102,XXL,1
OL-00014,ORD-00010,SKU-0301,S,1
OL-00015,ORD-00010,SKU-0401,L,1
OL-00016,ORD-00011,SKU-0602,2Y,1
OL-00017,ORD-00012,SKU-0101,L,1
OL-00018,ORD-00013,SKU-0701,L,1
OL-00019,ORD-00014,SKU-0102,S,1
OL-00020,ORD-00015,SKU-0301,XL,1
OL-00021,ORD-00016,SKU-0701,XL,1
OL-00022,ORD-00017,SKU-0203,Free,1
OL-00023,ORD-00018,SKU-0103,M,1
OL-00024,ORD-00019,SKU-0101,XL,1
OL-00025,ORD-00020,SKU-0103,XXL,2
OL-00026,ORD-00021,SKU-0602,8Y,1
OL-00027,ORD-00021,SKU-0301,XL,1
OL-00028,ORD-00022,SKU-0201,Free,1
OL-00029,ORD-00023,SKU-0101,M,1
OL-00030,ORD-00024,SKU-0701,XXL,1
OL-00031,ORD-00025,SKU-0401,XL,1
OL-00032,ORD-00025,SKU-0701,XL,1
OL-00033,ORD-00026,SKU-0601,6Y,1
OL-00034,ORD-00027,SKU-0702,XXL,1
OL-00035,ORD-00028,SKU-0202,Free,1
OL-00036,ORD-00029,SKU-0303,4Y,1
OL-00037,ORD-00029,SKU-0201,Free,1
OL-00038,ORD-00030,SKU-0401,M,1
OL-00039,ORD-00031,SKU-0201,Free,1
OL-00040,ORD-00031,SKU-0601,2Y,1
OL-00041,ORD-00032,SKU-0401,L,1
OL-00042,ORD-00033,SKU-0102,XL,1
OL-00043,ORD-00034,SKU-0701,S,1
OL-00044,ORD-00035,SKU-0402,XL,1
OL-00045,ORD-00036,SKU-0301,L,1
OL-00046,ORD-00036,SKU-0702,XL,1
OL-00047,ORD-00037,SKU-0702,S,1
OL-00048,ORD-00038,SKU-0603,8Y,1
OL-00049,ORD-00039,SKU-0103,S,1
OL-00050,ORD-00040,SKU-0103,M,1
OL-00051,ORD-00041,SKU-0202,Free,1
OL-00052,ORD-00042,SKU-0301,M,1
OL-00053,ORD-00043,SKU-0603,8Y,1
OL-00054,ORD-00044,SKU-0303,2Y,1
OL-00055,ORD-00045,SKU-0602,4Y,1
OL-00056,ORD-00046,SKU-0101,XXL,1
OL-00057,ORD-00047,SKU-0101,M,1
OL-00058,ORD-00047,SKU-0602,8Y,1
OL-00059,ORD-00048,SKU-0702,XXL,1
OL-00060,ORD-00049,SKU-0603,4Y,1
OL-00061,ORD-00050,SKU-0201,Free,1
OL-00062,ORD-00050,SKU-0301,XL,1
OL-00063,ORD-00051,SKU-0102,L,1
OL-00064,ORD-00052,SKU-0203,Free,1
OL-00065,ORD-00053,SKU-0702,XL,1
OL-00066,ORD-00054,SKU-0201,Free,1
OL-00067,ORD-00054,SKU-0302,L,1
OL-00068,ORD-00055,SKU-0203,Free,1
OL-00069,ORD-00056,SKU-0203,Free,1
OL-00070,ORD-00057,SKU-0102,M,2
OL-00071,ORD-00057,SKU-0102,L,1
OL-00072,ORD-00058,SKU-0603,6Y,1
OL-00073,ORD-00059,SKU-0502,S,1
OL-00074,ORD-00060,SKU-0202,Free,1
OL-00075,ORD-00060,SKU-0102,L,1
OL-00076,ORD-00061,SKU-0102,S,1
OL-00077,ORD-00062,SKU-0202,Free,1
OL-00078,ORD-00062,SKU-0303,4Y,2
OL-00079,ORD-00063,SKU-0201,Free,1
OL-00080,ORD-00064,SKU-0202,Free,1
OL-00081,ORD-00065,SKU-0101,L,1
OL-00082,ORD-00066,SKU-0702,XXL,1
OL-00083,ORD-00067,SKU-0402,XL,1
OL-00084,ORD-00068,SKU-0201,Free,1
OL-00085,ORD-00069,SKU-0103,L,2
OL-00086,ORD-00070,SKU-0601,6Y,1
OL-00087,ORD-00071,SKU-0203,Free,1
OL-00088,ORD-00072,SKU-0202,Free,1
OL-00089,ORD-00073,SKU-0202,Free,2
OL-00090,ORD-00074,SKU-0702,L,1
OL-00091,ORD-00075,SKU-0102,L,1
OL-00092,ORD-00076,SKU-0101,L,1
OL-00093,ORD-00077,SKU-0301,L,1
OL-00094,ORD-00078,SKU-0303,4Y,1
OL-00095,ORD-00079,SKU-0601,8Y,1
OL-00096,ORD-00080,SKU-0603,8Y,1
OL-00097,ORD-00081,SKU-0601,2Y,1
OL-00098,ORD-00081,SKU-0401,M,1
OL-00099,ORD-00082,SKU-0702,XL,1
OL-00100,ORD-00083,SKU-0401,M,1
OL-00101,ORD-00084,SKU-0601,2Y,1
OL-00102,ORD-00085,SKU-0202,Free,1
OL-00103,ORD-00086,SKU-0201,Free,1
OL-00104,ORD-00087,SKU-0102,L,1
OL-00105,ORD-00087,SKU-0401,M,1
OL-00106,ORD-00088,SKU-0601,6Y,1
OL-00107,ORD-00089,SKU-0302,S,1
OL-00108,ORD-00090,SKU-0202,Free,1
OL-00109,ORD-00091,SKU-0702,XL,1
OL-00110,ORD-00092,SKU-0702,XL,2
OL-00111,ORD-00092,SKU-0203,Free,2
OL-00112,ORD-00093,SKU-0103,XXL,1
OL-00113,ORD-00094,SKU-0402,L,1
OL-00114,ORD-00095,SKU-0701,XL,1
OL-00115,ORD-00096,SKU-0301,M,1
OL-00116,ORD-00097,SKU-0203,Free,1
OL-00117,ORD-00098,SKU-0701,S,2
OL-00118,ORD-00099,SKU-0301,XXL,1
OL-00119,ORD-00100,SKU-0202,Free,1
OL-00120,ORD-00100,SKU-0402,M,1
OL-00121,ORD-00101,SKU-0201,Free,1
OL-00122,ORD-00102,SKU-0402,XXL,1
OL-00123,ORD-00102,SKU-0601,2Y,2
OL-00124,ORD-00103,SKU-0103,L,1
OL-00125,ORD-00104,SKU-0301,L,1
OL-00126,ORD-00105,SKU-0202,Free,1
OL-00127,ORD-00106,SKU-0201,Free,1
OL-00128,ORD-00107,SKU-0701,XL,1
OL-00129,ORD-00108,SKU-0201,Free,1
OL-00130,ORD-00109,SKU-0603,4Y,1
OL-00131,ORD-00110,SKU-0303,8Y,1
OL-00132,ORD-00111,SKU-0702,M,1
OL-00133,ORD-00112,SKU-0701,S,1
OL-00134,ORD-00113,SKU-0301,L,1
OL-00135,ORD-00114,SKU-0502,XL,2
OL-00136,ORD-00115,SKU-0702,XXL,1
OL-00137,ORD-00116,SKU-0201,Free,1
OL-00138,ORD-00117,SKU-0701,XL,1
OL-00139,ORD-00118,SKU-0201,Free,2
OL-00140,ORD-00119,SKU-0303,8Y,1
OL-00141,ORD-00120,SKU-0303,4Y,1
OL-00142,ORD-00121,SKU-0303,8Y,1
OL-00143,ORD-00122,SKU-0201,Free,1
OL-00144,ORD-00122,SKU-0303,2Y,2
OL-00145,ORD-00123,SKU-0302,XL,1
OL-00146,ORD-00124,SKU-0203,Free,1
OL-00147,ORD-00125,SKU-0403,M,1
OL-00148,ORD-00126,SKU-0101,XL,2
OL-00149,ORD-00126,SKU-0202,Free,1
OL-00150,ORD-00127,SKU-0601,6Y,1
OL-00151,ORD-00128,SKU-0701,XL,1
OL-00152,ORD-00129,SKU-0301,M,1
OL-00153,ORD-00130,SKU-0502,M,1
OL-00154,ORD-00131,SKU-0102,M,1
OL-00155,ORD-00132,SKU-0601,2Y,1
OL-00156,ORD-00132,SKU-0601,6Y,2
OL-00157,ORD-00133,SKU-0102,S,1
OL-00158,ORD-00134,SKU-0201,Free,1
OL-00159,ORD-00134,SKU-0603,8Y,1
OL-00160,ORD-00135,SKU-0701,M,1
OL-00161,ORD-00136,SKU-0202,Free,1
OL-00162,ORD-00137,SKU-0301,S,1
OL-00163,ORD-00138,SKU-0202,Free,2
OL-00164,ORD-00139,SKU-0601,6Y,2
OL-00165,ORD-00140,SKU-0401,S,1
OL-00166,ORD-00141,SKU-0702,XL,1
OL-00167,ORD-00142,SKU-0302,S,1
OL-00168,ORD-00143,SKU-0401,L,1
OL-00169,ORD-00144,SKU-0401,XXL,1
OL-00170,ORD-00145,SKU-0402,XL,1
OL-00171,ORD-00146,SKU-0701,S,1
OL-00172,ORD-00146,SKU-0102,S,1
OL-00173,ORD-00147,SKU-0301,XXL,1
OL-00174,ORD-00148,SKU-0602,2Y,1
OL-00175,ORD-00149,SKU-0202,Free,1
OL-00176,ORD-00150,SKU-0201,Free,1
OL-00177,ORD-00151,SKU-0101,L,2
OL-00178,ORD-00152,SKU-0603,8Y,2
OL-00179,ORD-00153,SKU-0603,8Y,2
OL-00180,ORD-00154,SKU-0101,XXL,2
OL-00181,ORD-00155,SKU-0203,Free,1
OL-00182,ORD-00155,SKU-0301,L,1
OL-00183,ORD-00156,SKU-0502,L,1
OL-00184,ORD-00157,SKU-0201,Free,1
OL-00185,ORD-00158,SKU-0201,Free,1
OL-00186,ORD-00159,SKU-0201,Free,1
OL-00187,ORD-00160,SKU-0303,2Y,1
OL-00188,ORD-00161,SKU-0402,S,1
OL-00189,ORD-00162,SKU-0702,L,1
OL-00190,ORD-00163,SKU-0701,XL,1
OL-00191,ORD-00164,SKU-0601,4Y,2
OL-00192,ORD-00165,SKU-0603,8Y,1
OL-00193,ORD-00166,SKU-0103,S,1
OL-00194,ORD-00167,SKU-0701,XXL,1
OL-00195,ORD-00168,SKU-0201,Free,1
OL-00196,ORD-00169,SKU-0602,4Y,1
OL-00197,ORD-00170,SKU-0401,XL,1
OL-00198,ORD-00171,SKU-0201,Free,1
OL-00199,ORD-00171,SKU-0201,Free,1
OL-00200,ORD-00172,SKU-0201,Free,1
OL-00201,ORD-00173,SKU-0102,M,2
OL-00202,ORD-00174,SKU-0701,S,1
OL-00203,ORD-00174,SKU-0202,Free,1
OL-00204,ORD-00175,SKU-0602,8Y,1
OL-00205,ORD-00175,SKU-0202,Free,1
OL-00206,ORD-00176,SKU-0201,Free,1
OL-00207,ORD-00177,SKU-0601,8Y,1
OL-00208,ORD-00178,SKU-0103,XL,1
OL-00209,ORD-00179,SKU-0101,M,1
OL-00210,ORD-00180,SKU-0101,XXL,1
OL-00211,ORD-00181,SKU-0702,S,1
OL-00212,ORD-00181,SKU-0702,XL,1
OL-00213,ORD-00182,SKU-0702,S,1
OL-00214,ORD-00183,SKU-0701,L,2
OL-00215,ORD-00184,SKU-0702,XL,1
OL-00216,ORD-00185,SKU-0202,Free,1
OL-00217,ORD-00186,SKU-0702,L,1
OL-00218,ORD-00187,SKU-0303,6Y,2
OL-00219,ORD-00188,SKU-0501,S,1
OL-00220,ORD-00189,SKU-0601,6Y,1
OL-00221,ORD-00189,SKU-0702,XXL,1
OL-00222,ORD-00190,SKU-0201,Free,1
OL-00223,ORD-00191,SKU-0202,Free,1
OL-00224,ORD-00191,SKU-0702,XXL,2
OL-00225,ORD-00192,SKU-0101,M,1
OL-00226,ORD-00193,SKU-0203,Free,1
OL-00227,ORD-00194,SKU-0101,S,1
OL-00228,ORD-00195,SKU-0203,Free,1
OL-00229,ORD-00196,SKU-0201,Free,1
OL-00230,ORD-00197,SKU-0702,M,1
OL-00231,ORD-00198,SKU-0103,L,1
OL-00232,ORD-00199,SKU-0603,6Y,1
OL-00233,ORD-00200,SKU-0302,XL,1
OL-00234,ORD-00201,SKU-0101,M,1
OL-00235,ORD-00202,SKU-0303,4Y,1
OL-00236,ORD-00203,SKU-0302,XL,1
OL-00237,ORD-00204,SKU-0202,Free,1
OL-00238,ORD-00205,SKU-0203,Free,1
OL-00239,ORD-00206,SKU-0301,M,2
OL-00240,ORD-00207,SKU-0102,L,1
OL-00241,ORD-00208,SKU-0301,XXL,2
OL-00242,ORD-00209,SKU-0701,S,1
OL-00243,ORD-00209,SKU-0101,L,2
OL-00244,ORD-00210,SKU-0202,Free,1
OL-00245,ORD-00211,SKU-0701,XXL,1
OL-00246,ORD-00212,SKU-0101,M,1
OL-00247,ORD-00213,SKU-0401,XXL,2
OL-00248,ORD-00214,SKU-0102,M,1
OL-00249,ORD-00215,SKU-0101,S,1
OL-00250,ORD-00216,SKU-0601,4Y,1
OL-00251,ORD-00216,SKU-0603,2Y,1
OL-00252,ORD-00217,SKU-0201,Free,1
OL-00253,ORD-00218,SKU-0402,L,1
OL-00254,ORD-00218,SKU-0103,M,1
OL-00255,ORD-00219,SKU-0203,Free,2
OL-00256,ORD-00220,SKU-0701,XXL,1
OL-00257,ORD-00221,SKU-0602,2Y,1
OL-00258,ORD-00222,SKU-0101,XXL,1
OL-00259,ORD-00223,SKU-0201,Free,1
OL-00260,ORD-00223,SKU-0201,Free,1
OL-00261,ORD-00224,SKU-0102,M,2
OL-00262,ORD-00225,SKU-0302,XXL,2
OL-00263,ORD-00225,SKU-0202,Free,1
OL-00264,ORD-00226,SKU-0702,S,1
OL-00265,ORD-00227,SKU-0203,Free,1
OL-00266,ORD-00228,SKU-0701,S,1
OL-00267,ORD-00229,SKU-0303,4Y,1
OL-00268,ORD-00230,SKU-0103,XXL,1
OL-00269,ORD-00230,SKU-0601,2Y,1
OL-00270,ORD-00231,SKU-0701,XXL,1
OL-00271,ORD-00232,SKU-0602,4Y,1
OL-00272,ORD-00233,SKU-0201,Free,1
OL-00273,ORD-00233,SKU-0202,Free,1
OL-00274,ORD-00234,SKU-0702,L,1
OL-00275,ORD-00235,SKU-0702,L,2
OL-00276,ORD-00236,SKU-0102,XL,1
OL-00277,ORD-00236,SKU-0103,L,1
OL-00278,ORD-00237,SKU-0402,S,1
OL-00279,ORD-00238,SKU-0301,XL,1
OL-00280,ORD-00239,SKU-0101,L,1
OL-00281,ORD-00240,SKU-0701,XL,1
OL-00282,ORD-00241,SKU-0701,XXL,1
OL-00283,ORD-00242,SKU-0301,L,1
OL-00284,ORD-00243,SKU-0301,M,1
OL-00285,ORD-00244,SKU-0401,XL,1
OL-00286,ORD-00245,SKU-0101,XL,2
OL-00287,ORD-00246,SKU-0201,Free,1
OL-00288,ORD-00247,SKU-0701,XL,1
OL-00289,ORD-00248,SKU-0602,6Y,1
OL-00290,ORD-00249,SKU-0201,Free,1
OL-00291,ORD-00249,SKU-0301,S,1
OL-00292,ORD-00250,SKU-0202,Free,1
OL-00293,ORD-00251,SKU-0701,L,1
OL-00294,ORD-00252,SKU-0301,XXL,2
OL-00295,ORD-00253,SKU-0103,S,1
OL-00296,ORD-00254,SKU-0303,4Y,1
OL-00297,ORD-00255,SKU-0701,XL,1
OL-00298,ORD-00256,SKU-0602,8Y,1
OL-00299,ORD-00257,SKU-0501,XL,1
OL-00300,ORD-00258,SKU-0602,6Y,1
OL-00301,ORD-00258,SKU-0202,Free,1
OL-00302,ORD-00259,SKU-0402,L,1
OL-00303,ORD-00260,SKU-0603,6Y,1
OL-00304,ORD-00261,SKU-0402,S,1
OL-00305,ORD-00261,SKU-0201,Free,1
OL-00306,ORD-00262,SKU-0401,M,1
OL-00307,ORD-00263,SKU-0201,Free,1
OL-00308,ORD-00264,SKU-0501,S,1
OL-00309,ORD-00265,SKU-0201,Free,1
OL-00310,ORD-00265,SKU-0303,8Y,1
OL-00311,ORD-00266,SKU-0301,M,1
OL-00312,ORD-00267,SKU-0701,XL,1
OL-00313,ORD-00268,SKU-0601,4Y,1
OL-00314,ORD-00269,SKU-0402,XL,1
OL-00315,ORD-00270,SKU-0402,S,1
OL-00316,ORD-00271,SKU-0702,S,1
OL-00317,ORD-00272,SKU-0601,4Y,1
OL-00318,ORD-00273,SKU-0303,4Y,1
OL-00319,ORD-00274,SKU-0101,L,1
OL-00320,ORD-00275,SKU-0702,XXL,1
OL-00321,ORD-00276,SKU-0102,M,1
OL-00322,ORD-00277,SKU-0402,S,1
OL-00323,ORD-00278,SKU-0101,L,1
OL-00324,ORD-00279,SKU-0302,S,1
OL-00325,ORD-00279,SKU-0701,XXL,1
OL-00326,ORD-00280,SKU-0501,S,1
OL-00327,ORD-00281,SKU-0201,Free,1
OL-00328,ORD-00282,SKU-0701,S,1
OL-00329,ORD-00283,SKU-0202,Free,1
OL-00330,ORD-00284,SKU-0301,XXL,2
OL-00331,ORD-00285,SKU-0101,S,1
OL-00332,ORD-00286,SKU-0301,S,1
OL-00333,ORD-00287,SKU-0702,M,1
OL-00334,ORD-00288,SKU-0402,M,1
OL-00335,ORD-00289,SKU-0101,S,2
OL-00336,ORD-00290,SKU-0103,S,1
OL-00337,ORD-00290,SKU-0303,8Y,1
OL-00338,ORD-00291,SKU-0601,4Y,1
OL-00339,ORD-00292,SKU-0502,XL,1
OL-00340,ORD-00293,SKU-0101,S,1
OL-00341,ORD-00294,SKU-0202,Free,1
OL-00342,ORD-00295,SKU-0203,Free,1
OL-00343,ORD-00296,SKU-0103,S,1
OL-00344,ORD-00297,SKU-0302,XL,2
OL-00345,ORD-00297,SKU-0602,6Y,1
OL-00346,ORD-00298,SKU-0502,XXL,1
OL-00347,ORD-00298,SKU-0401,S,1
OL-00348,ORD-00299,SKU-0702,M,1
OL-00349,ORD-00300,SKU-0201,Free,1
OL-00350,ORD-00301,SKU-0301,XXL,2
OL-00351,ORD-00302,SKU-0603,4Y,1
OL-00352,ORD-00302,SKU-0701,XXL,1
OL-00353,ORD-00303,SKU-0303,8Y,1
OL-00354,ORD-00304,SKU-0201,Free,1
OL-00355,ORD-00304,SKU-0403,XL,1
OL-00356,ORD-00305,SKU-0602,8Y,1
OL-00357,ORD-00306,SKU-0201,Free,1
OL-00358,ORD-00307,SKU-0302,M,1
OL-00359,ORD-00308,SKU-0502,L,1
OL-00360,ORD-00309,SKU-0701,M,1
OL-00361,ORD-00310,SKU-0203,Free,1
OL-00362,ORD-00310,SKU-0102,L,1
OL-00363,ORD-00311,SKU-0101,S,1
OL-00364,ORD-00312,SKU-0201,Free,2
OL-00365,ORD-00313,SKU-0301,XXL,1
OL-00366,ORD-00314,SKU-0203,Free,2
OL-00367,ORD-00314,SKU-0203,Free,1
OL-00368,ORD-00315,SKU-0502,XL,2
OL-00369,ORD-00316,SKU-0701,S,1
OL-00370,ORD-00317,SKU-0702,XXL,1
OL-00371,ORD-00318,SKU-0201,Free,1
OL-00372,ORD-00319,SKU-0702,S,2
OL-00373,ORD-00319,SKU-0701,S,1
OL-00374,ORD-00320,SKU-0601,8Y,1
OL-00375,ORD-00321,SKU-0702,L,1
OL-00376,ORD-00322,SKU-0202,Free,1
OL-00377,ORD-00323,SKU-0201,Free,1
OL-00378,ORD-00324,SKU-0301,M,1
OL-00379,ORD-00324,SKU-0201,Free,1
OL-00380,ORD-00325,SKU-0701,M,1
OL-00381,ORD-00325,SKU-0702,XL,1
OL-00382,ORD-00326,SKU-0203,Free,1
OL-00383,ORD-00327,SKU-0103,M,1
OL-00384,ORD-00328,SKU-0701,XL,1
OL-00385,ORD-00329,SKU-0201,Free,1
OL-00386,ORD-00330,SKU-0202,Free,1
OL-00387,ORD-00330,SKU-0301,XL,1
OL-00388,ORD-00331,SKU-0602,4Y,1
OL-00389,ORD-00332,SKU-0201,Free,1
OL-00390,ORD-00333,SKU-0102,L,1
OL-00391,ORD-00333,SKU-0201,Free,1
OL-00392,ORD-00334,SKU-0101,XXL,1
OL-00393,ORD-00334,SKU-0103,S,1
OL-00394,ORD-00335,SKU-0301,XL,1
OL-00395,ORD-00336,SKU-0201,Free,1
OL-00396,ORD-00337,SKU-0603,8Y,1
OL-00397,ORD-00338,SKU-0403,M,1
OL-00398,ORD-00339,SKU-0601,8Y,1
OL-00399,ORD-00340,SKU-0203,Free,1
OL-00400,ORD-00340,SKU-0701,XL,1
OL-00401,ORD-00341,SKU-0402,M,1
OL-00402,ORD-00342,SKU-0203,Free,1
OL-00403,ORD-00343,SKU-0301,XXL,1
OL-00404,ORD-00344,SKU-0701,L,1
OL-00405,ORD-00345,SKU-0101,S,2
OL-00406,ORD-00346,SKU-0303,4Y,1
OL-00407,ORD-00347,SKU-0201,Free,1
OL-00408,ORD-00348,SKU-0701,M,1
OL-00409,ORD-00349,SKU-0303,8Y,1
OL-00410,ORD-00350,SKU-0202,Free,1
OL-00411,ORD-00351,SKU-0102,S,1
OL-00412,ORD-00352,SKU-0701,M,1
OL-00413,ORD-00353,SKU-0702,S,2
OL-00414,ORD-00354,SKU-0701,XXL,1
OL-00415,ORD-00355,SKU-0201,Free,1
OL-00416,ORD-00356,SKU-0701,XL,1
OL-00417,ORD-00356,SKU-0101,XXL,1
OL-00418,ORD-00357,SKU-0402,S,1
OL-00419,ORD-00357,SKU-0303,2Y,1
OL-00420,ORD-00358,SKU-0201,Free,1
OL-00421,ORD-00359,SKU-0603,2Y,1
OL-00422,ORD-00360,SKU-0401,XXL,1
OL-00423,ORD-00360,SKU-0101,S,1
OL-00424,ORD-00361,SKU-0702,L,1
OL-00425,ORD-00362,SKU-0101,XXL,2
OL-00426,ORD-00363,SKU-0702,XL,1
OL-00427,ORD-00364,SKU-0401,L,1
OL-00428,ORD-00364,SKU-0102,XXL,1
OL-00429,ORD-00365,SKU-0201,Free,1
OL-00430,ORD-00366,SKU-0701,L,1
OL-00431,ORD-00367,SKU-0203,Free,1
OL-00432,ORD-00368,SKU-0301,L,1
OL-00433,ORD-00368,SKU-0702,L,1
OL-00434,ORD-00369,SKU-0702,L,1
OL-00435,ORD-00370,SKU-0401,L,1
OL-00436,ORD-00371,SKU-0301,S,1
OL-00437,ORD-00372,SKU-0203,Free,1
OL-00438,ORD-00373,SKU-0603,2Y,1
OL-00439,ORD-00373,SKU-0601,8Y,1
OL-00440,ORD-00374,SKU-0502,XL,1
OL-00441,ORD-00375,SKU-0401,XL,1
OL-00442,ORD-00376,SKU-0602,2Y,1
OL-00443,ORD-00377,SKU-0601,6Y,1
OL-00444,ORD-00378,SKU-0402,S,1
OL-00445,ORD-00379,SKU-0201,Free,1
OL-00446,ORD-00380,SKU-0401,S,1
OL-00447,ORD-00381,SKU-0401,M,2
OL-00448,ORD-00381,SKU-0201,Free,1
OL-00449,ORD-00382,SKU-0303,8Y,1
OL-00450,ORD-00383,SKU-0702,XXL,1
OL-00451,ORD-00384,SKU-0101,L,1
OL-00452,ORD-00385,SKU-0201,Free,1
OL-00453,ORD-00386,SKU-0701,M,1
OL-00454,ORD-00387,SKU-0602,6Y,1
OL-00455,ORD-00388,SKU-0203,Free,1
OL-00456,ORD-00389,SKU-0402,L,1
OL-00457,ORD-00390,SKU-0303,4Y,1
OL-00458,ORD-00391,SKU-0401,XXL,1
OL-00459,ORD-00392,SKU-0101,XL,1
OL-00460,ORD-00393,SKU-0303,6Y,1
OL-00461,ORD-00394,SKU-0101,M,1
OL-00462,ORD-00395,SKU-0402,XXL,1
OL-00463,ORD-00396,SKU-0401,M,1
OL-00464,ORD-00397,SKU-0102,XXL,1
OL-00465,ORD-00398,SKU-0603,2Y,1
OL-00466,ORD-00399,SKU-0201,Free,1
OL-00467,ORD-00400,SKU-0701,XXL,1
OL-00468,ORD-00401,SKU-0101,M,1
OL-00469,ORD-00402,SKU-0401,M,1
OL-00470,ORD-00403,SKU-0202,Free,1
OL-00471,ORD-00403,SKU-0603,6Y,1
OL-00472,ORD-00404,SKU-0101,XL,1
OL-00473,ORD-00404,SKU-0401,XL,1
OL-00474,ORD-00405,SKU-0201,Free,1
OL-00475,ORD-00406,SKU-0702,L,1
OL-00476,ORD-00407,SKU-0701,L,1
OL-00477,ORD-00408,SKU-0701,XXL,1
OL-00478,ORD-00409,SKU-0201,Free,1
OL-00479,ORD-00410,SKU-0201,Free,1
OL-00480,ORD-00410,SKU-0201,Free,1
OL-00481,ORD-00411,SKU-0701,M,1
OL-00482,ORD-00412,SKU-0203,Free,2
OL-00483,ORD-00413,SKU-0302,M,1
OL-00484,ORD-00413,SKU-0403,L,1
OL-00485,ORD-00414,SKU-0303,8Y,1
OL-00486,ORD-00414,SKU-0201,Free,1
OL-00487,ORD-00415,SKU-0303,6Y,1
OL-00488,ORD-00416,SKU-0303,6Y,1
OL-00489,ORD-00417,SKU-0701,L,1
OL-00490,ORD-00418,SKU-0203,Free,1
OL-00491,ORD-00419,SKU-0202,Free,1
OL-00492,ORD-00420,SKU-0203,Free,1
OL-00493,ORD-00421,SKU-0701,M,2
OL-00494,ORD-00421,SKU-0201,Free,1
OL-00495,ORD-00422,SKU-0502,XL,1
OL-00496,ORD-00423,SKU-0102,L,1
OL-00497,ORD-00423,SKU-0701,M,1
OL-00498,ORD-00424,SKU-0201,Free,1
OL-00499,ORD-00425,SKU-0101,L,1
OL-00500,ORD-00426,SKU-0303,6Y,2
OL-00501,ORD-00426,SKU-0403,XXL,1
OL-00502,ORD-00427,SKU-0602,6Y,2
OL-00503,ORD-00427,SKU-0701,XXL,1
OL-00504,ORD-00428,SKU-0101,L,1
OL-00505,ORD-00429,SKU-0301,XL,2
OL-00506,ORD-00429,SKU-0401,M,1
OL-00507,ORD-00430,SKU-0301,L,1
OL-00508,ORD-00430,SKU-0601,8Y,1
OL-00509,ORD-00431,SKU-0701,M,1
OL-00510,ORD-00432,SKU-0603,6Y,1
OL-00511,ORD-00432,SKU-0201,Free,1
OL-00512,ORD-00433,SKU-0702,M,1
OL-00513,ORD-00434,SKU-0202,Free,1
OL-00514,ORD-00435,SKU-0502,S,1
OL-00515,ORD-00436,SKU-0203,Free,1
OL-00516,ORD-00436,SKU-0701,M,1
OL-00517,ORD-00437,SKU-0102,XL,1
OL-00518,ORD-00438,SKU-0401,XL,1
OL-00519,ORD-00439,SKU-0202,Free,1
OL-00520,ORD-00440,SKU-0202,Free,1
OL-00521,ORD-00441,SKU-0201,Free,1
OL-00522,ORD-00441,SKU-0303,6Y,1
OL-00523,ORD-00442,SKU-0702,XL,1
OL-00524,ORD-00443,SKU-0102,XL,2
OL-00525,ORD-00444,SKU-0202,Free,1
OL-00526,ORD-00445,SKU-0401,L,1
OL-00527,ORD-00446,SKU-0101,XL,1
OL-00528,ORD-00447,SKU-0402,M,1
OL-00529,ORD-00448,SKU-0203,Free,1
OL-00530,ORD-00449,SKU-0103,L,1
OL-00531,ORD-00450,SKU-0102,XL,2
OL-00532,ORD-00451,SKU-0601,6Y,1
OL-00533,ORD-00452,SKU-0201,Free,1
OL-00534,ORD-00453,SKU-0101,XL,1
OL-00535,ORD-00454,SKU-0101,XXL,1
OL-00536,ORD-00455,SKU-0102,S,1
OL-00537,ORD-00456,SKU-0101,M,2
OL-00538,ORD-00457,SKU-0301,XXL,1
OL-00539,ORD-00458,SKU-0303,8Y,1
OL-00540,ORD-00459,SKU-0702,XXL,1
OL-00541,ORD-00459,SKU-0603,2Y,1
OL-00542,ORD-00460,SKU-0303,8Y,2
OL-00543,ORD-00461,SKU-0202,Free,1
OL-00544,ORD-00462,SKU-0201,Free,1
OL-00545,ORD-00462,SKU-0501,M,1
OL-00546,ORD-00463,SKU-0301,XXL,1
OL-00547,ORD-00464,SKU-0201,Free,2
OL-00548,ORD-00465,SKU-0201,Free,1
OL-00549,ORD-00466,SKU-0202,Free,1
OL-00550,ORD-00467,SKU-0401,S,1
OL-00551,ORD-00468,SKU-0301,S,1
OL-00552,ORD-00469,SKU-0601,2Y,1
OL-00553,ORD-00470,SKU-0501,XXL,1
OL-00554,ORD-00471,SKU-0102,L,1
OL-00555,ORD-00472,SKU-0203,Free,1
OL-00556,ORD-00473,SKU-0102,M,1
OL-00557,ORD-00474,SKU-0201,Free,1
OL-00558,ORD-00474,SKU-0601,6Y,1
OL-00559,ORD-00475,SKU-0603,2Y,1
OL-00560,ORD-00476,SKU-0203,Free,1
OL-00561,ORD-00477,SKU-0303,2Y,1
OL-00562,ORD-00478,SKU-0501,S,1
OL-00563,ORD-00479,SKU-0101,S,1
OL-00564,ORD-00480,SKU-0702,XL,1
OL-00565,ORD-00481,SKU-0501,L,2
OL-00566,ORD-00482,SKU-0103,XXL,1
OL-00567,ORD-00483,SKU-0401,XXL,1
OL-00568,ORD-00484,SKU-0301,M,1
OL-00569,ORD-00485,SKU-0202,Free,1
OL-00570,ORD-00486,SKU-0201,Free,1
OL-00571,ORD-00487,SKU-0203,Free,1
OL-00572,ORD-00488,SKU-0203,Free,1
OL-00573,ORD-00489,SKU-0103,M,1
OL-00574,ORD-00490,SKU-0202,Free,1
OL-00575,ORD-00491,SKU-0702,S,2
OL-00576,ORD-00491,SKU-0701,S,1
OL-00577,ORD-00492,SKU-0102,L,1
OL-00578,ORD-00493,SKU-0202,Free,1
OL-00579,ORD-00494,SKU-0201,Free,1
OL-00580,ORD-00494,SKU-0601,6Y,1
OL-00581,ORD-00495,SKU-0702,XL,1
OL-00582,ORD-00496,SKU-0103,M,1
OL-00583,ORD-00496,SKU-0701,XL,1
OL-00584,ORD-00497,SKU-0702,XXL,1
OL-00585,ORD-00498,SKU-0601,6Y,1
OL-00586,ORD-00499,SKU-0401,L,1
OL-00587,ORD-00499,SKU-0702,L,2
OL-00588,ORD-00500,SKU-0101,XL,1
OL-00589,ORD-00500,SKU-0201,Free,1
OL-00590,ORD-00501,SKU-0401,M,1
OL-00591,ORD-00502,SKU-0201,Free,1
OL-00592,ORD-00503,SKU-0201,Free,1
OL-00593,ORD-00504,SKU-0102,XXL,1
OL-00594,ORD-00505,SKU-0303,2Y,1
OL-00595,ORD-00506,SKU-0701,S,1
OL-00596,ORD-00507,SKU-0203,Free,1
OL-00597,ORD-00508,SKU-0401,XL,2
OL-00598,ORD-00509,SKU-0701,S,2
OL-00599,ORD-00509,SKU-0303,6Y,1
OL-00600,ORD-00510,SKU-0202,Free,1
OL-00601,ORD-00511,SKU-0602,2Y,1
OL-00602,ORD-00512,SKU-0403,XXL,1
OL-00603,ORD-00513,SKU-0601,6Y,1
OL-00604,ORD-00514,SKU-0202,Free,1
OL-00605,ORD-00515,SKU-0303,6Y,1
OL-00606,ORD-00516,SKU-0402,L,1
OL-00607,ORD-00517,SKU-0702,S,1
OL-00608,ORD-00518,SKU-0201,Free,1
OL-00609,ORD-00519,SKU-0103,M,1
OL-00610,ORD-00520,SKU-0602,4Y,1
OL-00611,ORD-00521,SKU-0203,Free,1
OL-00612,ORD-00522,SKU-0701,S,1
OL-00613,ORD-00523,SKU-0701,L,1
OL-00614,ORD-00523,SKU-0303,8Y,2
OL-00615,ORD-00524,SKU-0201,Free,1
OL-00616,ORD-00525,SKU-0201,Free,1
OL-00617,ORD-00526,SKU-0701,XL,1
OL-00618,ORD-00527,SKU-0702,L,2
OL-00619,ORD-00528,SKU-0203,Free,1
OL-00620,ORD-00529,SKU-0401,XL,1
OL-00621,ORD-00530,SKU-0601,2Y,1
OL-00622,ORD-00530,SKU-0701,M,1
OL-00623,ORD-00531,SKU-0603,4Y,2
OL-00624,ORD-00532,SKU-0103,L,1
OL-00625,ORD-00532,SKU-0201,Free,1
OL-00626,ORD-00533,SKU-0701,XL,1
OL-00627,ORD-00534,SKU-0602,2Y,1
OL-00628,ORD-00535,SKU-0301,S,1
OL-00629,ORD-00536,SKU-0102,XL,2
OL-00630,ORD-00537,SKU-0201,Free,1
OL-00631,ORD-00538,SKU-0702,XXL,1
OL-00632,ORD-00539,SKU-0201,Free,2
OL-00633,ORD-00540,SKU-0502,S,1
OL-00634,ORD-00541,SKU-0101,XXL,2
OL-00635,ORD-00542,SKU-0101,XL,1
OL-00636,ORD-00543,SKU-0702,L,1
OL-00637,ORD-00544,SKU-0702,XL,1
OL-00638,ORD-00545,SKU-0402,M,1
OL-00639,ORD-00545,SKU-0701,L,1
OL-00640,ORD-00546,SKU-0402,S,1
OL-00641,ORD-00546,SKU-0602,2Y,1
OL-00642,ORD-00547,SKU-0301,L,1
OL-00643,ORD-00548,SKU-0402,XL,1
OL-00644,ORD-00549,SKU-0201,Free,1
OL-00645,ORD-00549,SKU-0601,8Y,1
OL-00646,ORD-00550,SKU-0202,Free,1
OL-00647,ORD-00550,SKU-0603,2Y,1
OL-00648,ORD-00551,SKU-0401,L,1
OL-00649,ORD-00552,SKU-0401,XXL,1
OL-00650,ORD-00553,SKU-0303,4Y,1
OL-00651,ORD-00553,SKU-0603,4Y,1
OL-00652,ORD-00554,SKU-0402,S,1
OL-00653,ORD-00555,SKU-0201,Free,1
OL-00654,ORD-00556,SKU-0603,6Y,1
OL-00655,ORD-00557,SKU-0702,S,1
OL-00656,ORD-00558,SKU-0601,4Y,1
OL-00657,ORD-00559,SKU-0402,XXL,1
OL-00658,ORD-00560,SKU-0303,2Y,1
OL-00659,ORD-00561,SKU-0601,6Y,2
OL-00660,ORD-00562,SKU-0301,XXL,1
OL-00661,ORD-00563,SKU-0702,L,1
OL-00662,ORD-00564,SKU-0203,Free,1
OL-00663,ORD-00565,SKU-0401,L,1
OL-00664,ORD-00566,SKU-0401,XXL,1
OL-00665,ORD-00567,SKU-0102,XL,1
OL-00666,ORD-00567,SKU-0303,8Y,2
OL-00667,ORD-00568,SKU-0301,XL,1
OL-00668,ORD-00569,SKU-0201,Free,1
OL-00669,ORD-00569,SKU-0301,M,1
OL-00670,ORD-00570,SKU-0201,Free,1
OL-00671,ORD-00571,SKU-0203,Free,1
OL-00672,ORD-00572,SKU-0303,2Y,1
OL-00673,ORD-00572,SKU-0102,M,1
OL-00674,ORD-00573,SKU-0203,Free,1
OL-00675,ORD-00574,SKU-0701,M,2
OL-00676,ORD-00575,SKU-0203,Free,1
OL-00677,ORD-00576,SKU-0202,Free,1
OL-00678,ORD-00576,SKU-0202,Free,1
OL-00679,ORD-00577,SKU-0701,S,1
OL-00680,ORD-00578,SKU-0701,L,1
OL-00681,ORD-00578,SKU-0103,M,1
OL-00682,ORD-00579,SKU-0502,M,1
OL-00683,ORD-00580,SKU-0502,S,1
OL-00684,ORD-00581,SKU-0702,L,1
OL-00685,ORD-00582,SKU-0502,XXL,1
OL-00686,ORD-00583,SKU-0701,S,1
OL-00687,ORD-00584,SKU-0701,S,1
OL-00688,ORD-00585,SKU-0601,4Y,1
OL-00689,ORD-00586,SKU-0201,Free,1
OL-00690,ORD-00587,SKU-0102,S,2
OL-00691,ORD-00588,SKU-0202,Free,2
OL-00692,ORD-00589,SKU-0701,M,1
OL-00693,ORD-00589,SKU-0701,L,1
OL-00694,ORD-00590,SKU-0601,6Y,2
OL-00695,ORD-00591,SKU-0103,M,1
OL-00696,ORD-00591,SKU-0101,XL,1
OL-00697,ORD-00592,SKU-0501,M,1
OL-00698,ORD-00593,SKU-0301,S,1
OL-00699,ORD-00594,SKU-0702,XXL,1
OL-00700,ORD-00594,SKU-0202,Free,1
OL-00701,ORD-00595,SKU-0202,Free,1
OL-00702,ORD-00596,SKU-0201,Free,1
OL-00703,ORD-00597,SKU-0101,XXL,1
OL-00704,ORD-00597,SKU-0101,M,2
OL-00705,ORD-00598,SKU-0203,Free,1
OL-00706,ORD-00599,SKU-0102,L,1
OL-00707,ORD-00600,SKU-0303,4Y,1
OL-00708,ORD-00601,SKU-0302,S,1
OL-00709,ORD-00602,SKU-0203,Free,1
OL-00710,ORD-00603,SKU-0702,L,1
OL-00711,ORD-00604,SKU-0102,M,1
OL-00712,ORD-00605,SKU-0102,XL,1
OL-00713,ORD-00606,SKU-0202,Free,2
OL-00714,ORD-00607,SKU-0702,M,1
OL-00715,ORD-00608,SKU-0102,S,2
OL-00716,ORD-00609,SKU-0501,M,1
OL-00717,ORD-00610,SKU-0702,XL,1
OL-00718,ORD-00610,SKU-0302,L,1
OL-00719,ORD-00611,SKU-0201,Free,1
OL-00720,ORD-00612,SKU-0603,2Y,1
OL-00721,ORD-00612,SKU-0702,S,1
OL-00722,ORD-00613,SKU-0603,8Y,1
OL-00723,ORD-00614,SKU-0702,XL,1
OL-00724,ORD-00615,SKU-0403,M,1
OL-00725,ORD-00616,SKU-0201,Free,1
OL-00726,ORD-00617,SKU-0302,XL,1
OL-00727,ORD-00618,SKU-0402,M,1
OL-00728,ORD-00619,SKU-0102,L,1
OL-00729,ORD-00620,SKU-0302,L,1
OL-00730,ORD-00621,SKU-0701,XXL,1
OL-00731,ORD-00622,SKU-0701,L,1
OL-00732,ORD-00623,SKU-0402,S,2
OL-00733,ORD-00624,SKU-0401,XXL,1
OL-00734,ORD-00625,SKU-0501,S,1
OL-00735,ORD-00625,SKU-0602,6Y,1
OL-00736,ORD-00626,SKU-0403,L,1
OL-00737,ORD-00627,SKU-0302,S,2
OL-00738,ORD-00628,SKU-0202,Free,1
OL-00739,ORD-00629,SKU-0301,XL,1
OL-00740,ORD-00630,SKU-0202,Free,1
OL-00741,ORD-00631,SKU-0603,2Y,1
OL-00742,ORD-00632,SKU-0701,XL,1
OL-00743,ORD-00633,SKU-0203,Free,1
OL-00744,ORD-00634,SKU-0702,XXL,1
OL-00745,ORD-00635,SKU-0702,XL,1
OL-00746,ORD-00635,SKU-0101,M,1
OL-00747,ORD-00636,SKU-0402,L,1
OL-00748,ORD-00637,SKU-0302,XL,1
OL-00749,ORD-00637,SKU-0601,6Y,1
OL-00750,ORD-00638,SKU-0301,L,1
OL-00751,ORD-00639,SKU-0303,2Y,2
OL-00752,ORD-00640,SKU-0702,S,1
