order_id,order_date,payment_mode
ORD-00001,2026-08-11,cod
ORD-00002,2026-09-13,cod
ORD-00003,2026-08-24,cod
ORD-00004,2026-08-20,cod
ORD-00005,2026-09-10,prepaid
ORD-00006,2026-09-09,prepaid
ORD-00007,2026-09-07,cod
ORD-00008,2026-08-01,cod
ORD-00009,2026-09-06,cod
ORD-00010,2026-08-13,cod
ORD-00011,2026-08-14,prepaid
ORD-00012,2026-08-04,cod
ORD-00013,2026-08-27,cod
ORD-00014,2026-08-29,cod
ORD-00015,2026-08-06,cod
ORD-00016,2026-08-27,cod
ORD-00017,2026-08-05,prepaid
ORD-00018,2026-07-30,cod
ORD-00019,2026-09-14,cod
ORD-00020,2026-09-17,prepaid
ORD-00021,2026-07-07,cod
ORD-00022,2026-07-08,cod
ORD-00023,2026-08-13,prepaid
ORD-00024,2026-08-16,prepaid
ORD-00025,2026-09-20,cod
ORD-00026,2026-08-09,cod
ORD-00027,2026-07-21,prepaid
ORD-00028,2026-09-08,cod
ORD-00029,2026-07-12,prepaid
ORD-00030,2026-09-03,cod
ORD-00031,2026-08-21,prepaid
ORD-00032,2026-08-30,cod
ORD-00033,2026-08-14,cod
ORD-00034,2026-07-27,cod
ORD-00035,2026-08-14,prepaid
ORD-00036,2026-07-26,cod
ORD-00037,2026-07-11,prepaid
ORD-00038,2026-08-29,prepaid
ORD-00039,2026-08-14,cod
ORD-00040,2026-07-14,prepaid
ORD-00041,2026-07-28,cod
ORD-00042,2026-09-14,cod
ORD-00043,2026-08-15,cod
ORD-00044,2026-09-03,cod
ORD-00045,2026-07-24,prepaid
ORD-00046,2026-09-18,prepaid
ORD-00047,2026-08-31,cod
ORD-00048,2026-07-09,cod
ORD-00049,2026-08-05,cod
ORD-00050,2026-08-03,prepaid
ORD-00051,2026-07-10,prepaid
ORD-00052,2026-07-20,prepaid
ORD-00053,2026-07-18,cod
ORD-00054,2026-07-21,prepaid
ORD-00055,2026-08-15,cod
ORD-00056,2026-08-28,cod
ORD-00057,2026-08-07,prepaid
ORD-00058,2026-07-24,cod
ORD-00059,2026-09-07,prepaid
ORD-00060,2026-07-24,cod
ORD-00061,2026-07-29,cod
ORD-00062,2026-09-09,cod
ORD-00063,2026-07-21,cod
ORD-00064,2026-08-09,prepaid
ORD-00065,2026-07-23,cod
ORD-00066,2026-07-03,prepaid
ORD-00067,2026-08-27,cod
ORD-00068,2026-08-20,prepaid
ORD-00069,2026-07-26,prepaid
ORD-00070,2026-07-17,cod
ORD-00071,2026-07-08,cod
ORD-00072,2026-08-06,prepaid
ORD-00073,2026-07-21,cod
ORD-00074,2026-09-09,cod
ORD-00075,2026-07-24,cod
ORD-00076,2026-07-26,cod
ORD-00077,2026-07-19,cod
ORD-00078,2026-07-30,cod
ORD-00079,2026-09-15,cod
ORD-00080,2026-09-18,prepaid
ORD-00081,2026-09-03,cod
ORD-00082,2026-07-06,cod
ORD-00083,2026-09-10,cod
ORD-00084,2026-07-01,cod
ORD-00085,2026-07-09,prepaid
ORD-00086,2026-08-03,cod
ORD-00087,2026-08-28,cod
ORD-00088,2026-07-19,cod
ORD-00089,2026-07-18,cod
ORD-00090,2026-09-01,cod
ORD-00091,2026-07-16,prepaid
ORD-00092,2026-08-28,cod
ORD-00093,2026-07-27,cod
ORD-00094,2026-08-16,cod
ORD-00095,2026-08-16,cod
ORD-00096,2026-07-01,cod
ORD-00097,2026-08-18,cod
ORD-00098,2026-08-13,cod
ORD-00099,2026-08-07,cod
ORD-00100,2026-08-24,cod
ORD-00101,2026-08-04,cod
ORD-00102,2026-08-24,cod
ORD-00103,2026-08-22,cod
ORD-00104,2026-09-09,cod
ORD-00105,2026-08-03,cod
ORD-00106,2026-08-20,cod
ORD-00107,2026-09-02,prepaid
ORD-00108,2026-09-09,cod
ORD-00109,2026-08-10,cod
ORD-00110,2026-08-22,cod
ORD-00111,2026-07-08,cod
ORD-00112,2026-09-06,prepaid
ORD-00113,2026-08-01,cod
ORD-00114,2026-07-03,cod
ORD-00115,2026-09-01,cod
ORD-00116,2026-08-27,cod
ORD-00117,2026-07-14,prepaid
ORD-00118,2026-07-06,cod
ORD-00119,2026-08-08,cod
ORD-00120,2026-07-15,cod
ORD-00121,2026-07-29,prepaid
ORD-00122,2026-08-10,prepaid
ORD-00123,2026-08-09,cod
ORD-00124,2026-07-30,prepaid
ORD-00125,2026-08-13,prepaid
ORD-00126,2026-08-07,prepaid
ORD-00127,2026-07-30,cod
ORD-00128,2026-09-18,cod
ORD-00129,2026-07-08,prepaid
ORD-00130,2026-09-15,cod
ORD-00131,2026-08-10,prepaid
ORD-00132,2026-07-24,prepaid
ORD-00133,2026-08-26,cod
ORD-00134,2026-07-16,prepaid
ORD-00135,2026-08-30,cod
ORD-00136,2026-08-30,cod
ORD-00137,2026-08-21,cod
ORD-00138,2026-07-09,prepaid
ORD-00139,2026-09-17,cod
ORD-00140,2026-08-08,cod
ORD-00141,2026-07-30,cod
ORD-00142,2026-08-25,cod
ORD-00143,2026-08-08,prepaid
ORD-00144,2026-08-28,cod
ORD-00145,2026-07-21,cod
ORD-00146,2026-08-11,cod
ORD-00147,2026-08-27,cod
ORD-00148,2026-07-31,prepaid
ORD-00149,2026-08-07,cod
ORD-00150,2026-08-03,cod
ORD-00151,2026-08-06,prepaid
ORD-00152,2026-09-03,prepaid
ORD-00153,2026-07-14,cod
ORD-00154,2026-07-06,cod
ORD-00155,2026-09-13,cod
ORD-00156,2026-07-01,cod
ORD-00157,2026-08-17,cod
ORD-00158,2026-09-15,prepaid
ORD-00159,2026-08-11,cod
ORD-00160,2026-07-27,cod
ORD-00161,2026-08-20,prepaid
ORD-00162,2026-08-20,prepaid
ORD-00163,2026-07-07,cod
ORD-00164,2026-08-16,prepaid
ORD-00165,2026-08-25,cod
ORD-00166,2026-08-16,cod
ORD-00167,2026-08-20,cod
ORD-00168,2026-08-14,cod
ORD-00169,2026-08-19,cod
ORD-00170,2026-07-06,cod
ORD-00171,2026-09-18,prepaid
ORD-00172,2026-07-26,cod
ORD-00173,2026-09-05,cod
ORD-00174,2026-07-25,cod
ORD-00175,2026-08-28,prepaid
ORD-00176,2026-08-17,cod
ORD-00177,2026-09-01,cod
ORD-00178,2026-08-30,cod
ORD-00179,2026-08-26,prepaid
ORD-00180,2026-08-10,prepaid
ORD-00181,2026-07-18,cod
ORD-00182,2026-07-22,prepaid
ORD-00183,2026-09-17,cod
ORD-00184,2026-08-28,cod
ORD-00185,2026-08-03,prepaid
ORD-00186,2026-07-24,cod
ORD-00187,2026-07-22,cod
ORD-00188,2026-08-27,prepaid
ORD-00189,2026-09-07,prepaid
ORD-00190,2026-08-12,cod
ORD-00191,2026-07-07,cod
ORD-00192,2026-08-10,prepaid
ORD-00193,2026-09-19,cod
ORD-00194,2026-09-01,cod
ORD-00195,2026-08-15,cod
ORD-00196,2026-09-13,cod
ORD-00197,2026-08-30,cod
ORD-00198,2026-08-27,cod
ORD-00199,2026-08-03,cod
ORD-00200,2026-09-13,cod
ORD-00201,2026-07-01,cod
ORD-00202,2026-07-08,cod
ORD-00203,2026-07-26,prepaid
ORD-00204,2026-07-23,prepaid
ORD-00205,2026-08-31,prepaid
ORD-00206,2026-08-29,cod
ORD-00207,2026-08-03,cod
ORD-00208,2026-08-04,prepaid
ORD-00209,2026-08-07,prepaid
ORD-00210,2026-07-26,cod
ORD-00211,2026-08-12,prepaid
ORD-00212,2026-09-06,prepaid
ORD-00213,2026-08-09,cod
ORD-00214,2026-07-19,cod
ORD-00215,2026-07-19,prepaid
ORD-00216,2026-07-06,cod
ORD-00217,2026-08-19,cod
ORD-00218,2026-09-20,cod
ORD-00219,2026-08-13,cod
ORD-00220,2026-07-07,prepaid
ORD-00221,2026-08-06,prepaid
ORD-00222,2026-07-13,cod
ORD-00223,2026-07-12,prepaid
ORD-00224,2026-07-07,cod
ORD-00225,2026-09-14,cod
ORD-00226,2026-07-30,cod
ORD-00227,2026-09-10,cod
ORD-00228,2026-08-20,prepaid
ORD-00229,2026-08-08,cod
ORD-00230,2026-09-19,cod
ORD-00231,2026-08-11,prepaid
ORD-00232,2026-07-22,cod
ORD-00233,2026-08-29,prepaid
ORD-00234,2026-09-18,cod
ORD-00235,2026-08-14,cod
ORD-00236,2026-07-14,cod
ORD-00237,2026-08-25,cod
ORD-00238,2026-08-19,cod
ORD-00239,2026-09-03,prepaid
ORD-00240,2026-08-21,cod
ORD-00241,2026-09-14,prepaid
ORD-00242,2026-07-24,prepaid
ORD-00243,2026-07-13,cod
ORD-00244,2026-08-24,cod
ORD-00245,2026-07-24,prepaid
ORD-00246,2026-07-14,cod
ORD-00247,2026-07-26,prepaid
ORD-00248,2026-08-30,prepaid
ORD-00249,2026-08-22,prepaid
ORD-00250,2026-09-17,cod
ORD-00251,2026-07-08,cod
ORD-00252,2026-07-14,cod
ORD-00253,2026-08-20,cod
ORD-00254,2026-09-20,cod
ORD-00255,2026-07-19,cod
ORD-00256,2026-08-07,prepaid
ORD-00257,2026-07-30,cod
ORD-00258,2026-08-31,cod
ORD-00259,2026-08-24,prepaid
ORD-00260,2026-08-08,cod
ORD-00261,2026-07-18,prepaid
ORD-00262,2026-08-07,cod
ORD-00263,2026-08-27,cod
ORD-00264,2026-09-07,cod
ORD-00265,2026-09-09,prepaid
ORD-00266,2026-07-15,prepaid
ORD-00267,2026-09-10,cod
ORD-00268,2026-07-22,prepaid
ORD-00269,2026-08-29,prepaid
ORD-00270,2026-08-23,prepaid
ORD-00271,2026-07-06,prepaid
ORD-00272,2026-09-01,cod
ORD-00273,2026-08-16,cod
ORD-00274,2026-08-13,cod
ORD-00275,2026-09-02,cod
ORD-00276,2026-07-27,prepaid
ORD-00277,2026-08-08,cod
ORD-00278,2026-09-09,cod
ORD-00279,2026-07-06,cod
ORD-00280,2026-07-19,prepaid
ORD-00281,2026-09-20,cod
ORD-00282,2026-07-05,cod
ORD-00283,2026-07-18,cod
ORD-00284,2026-08-23,cod
ORD-00285,2026-07-07,cod
ORD-00286,2026-08-23,prepaid
ORD-00287,2026-08-19,prepaid
ORD-00288,2026-08-22,prepaid
ORD-00289,2026-09-19,cod
ORD-00290,2026-07-12,cod
ORD-00291,2026-07-24,cod
ORD-00292,2026-07-11,cod
ORD-00293,2026-08-02,cod
ORD-00294,2026-09-18,cod
ORD-00295,2026-09-01,prepaid
ORD-00296,2026-08-26,cod
ORD-00297,2026-07-21,prepaid
ORD-00298,2026-07-08,prepaid
ORD-00299,2026-09-15,cod
ORD-00300,2026-08-18,prepaid
ORD-00301,2026-07-01,cod
ORD-00302,2026-07-06,cod
ORD-00303,2026-09-02,cod
ORD-00304,2026-07-26,prepaid
ORD-00305,2026-08-02,prepaid
ORD-00306,2026-09-07,cod
ORD-00307,2026-08-03,prepaid
ORD-00308,2026-07-25,cod
ORD-00309,2026-08-15,cod
ORD-00310,2026-09-02,cod
ORD-00311,2026-08-14,cod
ORD-00312,2026-09-11,cod
ORD-00313,2026-08-05,cod
ORD-00314,2026-07-17,cod
ORD-00315,2026-07-05,prepaid
ORD-00316,2026-07-09,prepaid
ORD-00317,2026-09-11,cod
ORD-00318,2026-08-27,cod
ORD-00319,2026-07-23,cod
ORD-00320,2026-09-04,prepaid
ORD-00321,2026-07-19,cod
ORD-00322,2026-08-26,prepaid
ORD-00323,2026-07-16,cod
ORD-00324,2026-07-19,prepaid
ORD-00325,2026-07-10,prepaid
ORD-00326,2026-09-19,cod
ORD-00327,2026-08-31,cod
ORD-00328,2026-07-24,prepaid
ORD-00329,2026-08-04,cod
ORD-00330,2026-08-07,cod
ORD-00331,2026-09-04,cod
ORD-00332,2026-08-06,cod
ORD-00333,2026-08-03,cod
ORD-00334,2026-08-07,cod
ORD-00335,2026-09-06,cod
ORD-00336,2026-09-12,cod
ORD-00337,2026-07-23,cod
ORD-00338,2026-07-23,cod
ORD-00339,2026-07-26,cod
ORD-00340,2026-07-08,prepaid
ORD-00341,2026-08-22,cod
ORD-00342,2026-08-16,cod
ORD-00343,2026-07-01,cod
ORD-00344,2026-08-15,prepaid
ORD-00345,2026-08-18,prepaid
ORD-00346,2026-09-02,cod
ORD-00347,2026-07-12,cod
ORD-00348,2026-09-10,cod
ORD-00349,2026-09-15,prepaid
ORD-00350,2026-07-13,prepaid
ORD-00351,2026-09-13,prepaid
ORD-00352,2026-07-18,prepaid
ORD-00353,2026-08-29,prepaid
ORD-00354,2026-08-19,prepaid
ORD-00355,2026-07-07,cod
ORD-00356,2026-08-25,prepaid
ORD-00357,2026-08-15,cod
ORD-00358,2026-07-26,prepaid
ORD-00359,2026-08-20,cod
ORD-00360,2026-09-18,cod
ORD-00361,2026-09-05,cod
ORD-00362,2026-08-14,prepaid
ORD-00363,2026-07-11,cod
ORD-00364,2026-07-17,cod
ORD-00365,2026-08-28,prepaid
ORD-00366,2026-09-09,prepaid
ORD-00367,2026-08-30,cod
ORD-00368,2026-09-08,cod
ORD-00369,2026-09-01,cod
ORD-00370,2026-07-03,cod
ORD-00371,2026-07-08,prepaid
ORD-00372,2026-07-20,cod
ORD-00373,2026-09-17,prepaid
ORD-00374,2026-09-19,prepaid
ORD-00375,2026-07-01,cod
ORD-00376,2026-09-12,cod
ORD-00377,2026-08-27,prepaid
ORD-00378,2026-09-06,prepaid
ORD-00379,2026-09-02,cod
ORD-00380,2026-07-19,cod
ORD-00381,2026-08-12,cod
ORD-00382,2026-07-02,cod
ORD-00383,2026-09-07,cod
ORD-00384,2026-08-25,cod
ORD-00385,2026-07-02,prepaid
ORD-00386,2026-09-03,cod
ORD-00387,2026-08-23,cod
ORD-00388,2026-07-12,cod
ORD-00389,2026-08-09,prepaid
ORD-00390,2026-09-04,cod
ORD-00391,2026-07-25,cod
ORD-00392,2026-09-11,prepaid
ORD-00393,2026-07-01,cod
ORD-00394,2026-07-13,prepaid
ORD-00395,2026-09-09,prepaid
ORD-00396,2026-07-19,prepaid
ORD-00397,2026-09-04,cod
ORD-00398,2026-08-29,prepaid
ORD-00399,2026-09-13,cod
ORD-00400,2026-07-05,cod
ORD-00401,2026-07-25,cod
ORD-00402,2026-09-13,cod
ORD-00403,2026-07-21,prepaid
ORD-00404,2026-08-02,cod
ORD-00405,2026-09-01,cod
ORD-00406,2026-08-15,cod
ORD-00407,2026-08-16,cod
ORD-00408,2026-07-09,cod
ORD-00409,2026-07-25,cod
ORD-00410,2026-07-04,cod
ORD-00411,2026-07-17,prepaid
ORD-00412,2026-08-15,cod
ORD-00413,2026-07-27,cod
ORD-00414,2026-08-26,prepaid
ORD-00415,2026-07-16,prepaid
ORD-00416,2026-08-19,cod
ORD-00417,2026-07-12,prepaid
ORD-00418,2026-07-14,cod
ORD-00419,2026-08-08,cod
ORD-00420,2026-07-17,prepaid
ORD-00421,2026-08-29,prepaid
ORD-00422,2026-08-14,cod
ORD-00423,2026-08-21,cod
ORD-00424,2026-07-06,cod
ORD-00425,2026-08-08,cod
ORD-00426,2026-07-23,prepaid
ORD-00427,2026-07-01,cod
ORD-00428,2026-07-07,cod
ORD-00429,2026-08-14,prepaid
ORD-00430,2026-07-12,cod
ORD-00431,2026-07-27,cod
ORD-00432,2026-07-25,cod
ORD-00433,2026-07-31,prepaid
ORD-00434,2026-08-22,cod
ORD-00435,2026-09-01,prepaid
ORD-00436,2026-08-26,cod
ORD-00437,2026-07-31,cod
ORD-00438,2026-07-22,prepaid
ORD-00439,2026-08-21,cod
ORD-00440,2026-07-27,cod
ORD-00441,2026-08-09,cod
ORD-00442,2026-07-10,cod
ORD-00443,2026-08-12,prepaid
ORD-00444,2026-09-01,cod
ORD-00445,2026-07-12,prepaid
ORD-00446,2026-07-11,cod
ORD-00447,2026-08-07,cod
ORD-00448,2026-08-09,prepaid
ORD-00449,2026-08-15,cod
ORD-00450,2026-08-02,cod
ORD-00451,2026-07-28,cod
ORD-00452,2026-09-19,cod
ORD-00453,2026-09-20,cod
ORD-00454,2026-07-28,prepaid
ORD-00455,2026-09-04,cod
ORD-00456,2026-08-23,cod
ORD-00457,2026-07-22,cod
ORD-00458,2026-09-11,cod
ORD-00459,2026-09-07,prepaid
ORD-00460,2026-08-12,prepaid
ORD-00461,2026-08-31,prepaid
ORD-00462,2026-09-20,cod
ORD-00463,2026-08-17,prepaid
ORD-00464,2026-08-26,cod
ORD-00465,2026-07-26,prepaid
ORD-00466,2026-07-13,cod
ORD-00467,2026-09-09,cod
ORD-00468,2026-09-14,prepaid
ORD-00469,2026-07-18,prepaid
ORD-00470,2026-09-04,cod
ORD-00471,2026-07-25,prepaid
ORD-00472,2026-07-08,cod
ORD-00473,2026-09-15,cod
ORD-00474,2026-07-12,prepaid
ORD-00475,2026-08-13,prepaid
ORD-00476,2026-09-04,prepaid
ORD-00477,2026-09-16,cod
ORD-00478,2026-08-01,cod
ORD-00479,2026-09-13,cod
ORD-00480,2026-08-03,cod
ORD-00481,2026-09-14,cod
ORD-00482,2026-07-02,cod
ORD-00483,2026-07-05,cod
ORD-00484,2026-08-30,cod
ORD-00485,2026-09-17,prepaid
ORD-00486,2026-07-17,prepaid
ORD-00487,2026-08-29,cod
ORD-00488,2026-07-01,cod
ORD-00489,2026-08-28,prepaid
ORD-00490,2026-08-04,cod
ORD-00491,2026-09-06,prepaid
ORD-00492,2026-08-24,prepaid
ORD-00493,2026-07-31,cod
ORD-00494,2026-08-16,prepaid
ORD-00495,2026-08-13,prepaid
ORD-00496,2026-08-01,cod
ORD-00497,2026-08-20,prepaid
ORD-00498,2026-08-08,prepaid
ORD-00499,2026-07-25,prepaid
ORD-00500,2026-08-24,prepaid
ORD-00501,2026-09-08,cod
ORD-00502,2026-07-28,cod
ORD-00503,2026-09-03,prepaid
ORD-00504,2026-07-17,prepaid
ORD-00505,2026-07-18,cod
ORD-00506,2026-07-04,cod
ORD-00507,2026-08-21,prepaid
ORD-00508,2026-08-23,cod
ORD-00509,2026-08-21,cod
ORD-00510,2026-09-17,prepaid
ORD-00511,2026-07-20,cod
ORD-00512,2026-08-16,cod
ORD-00513,2026-09-16,prepaid
ORD-00514,2026-08-31,cod
ORD-00515,2026-08-28,prepaid
ORD-00516,2026-07-02,prepaid
ORD-00517,2026-09-19,cod
ORD-00518,2026-07-16,cod
ORD-00519,2026-08-03,prepaid
ORD-00520,2026-07-21,prepaid
ORD-00521,2026-09-02,cod
ORD-00522,2026-08-28,cod
ORD-00523,2026-07-02,cod
ORD-00524,2026-08-18,prepaid
ORD-00525,2026-08-03,prepaid
ORD-00526,2026-08-24,prepaid
ORD-00527,2026-09-11,cod
ORD-00528,2026-07-18,cod
ORD-00529,2026-08-01,cod
ORD-00530,2026-07-07,cod
ORD-00531,2026-07-18,cod
ORD-00532,2026-07-02,cod
ORD-00533,2026-07-12,cod
ORD-00534,2026-07-05,prepaid
ORD-00535,2026-09-03,prepaid
ORD-00536,2026-07-07,cod
ORD-00537,2026-09-06,cod
ORD-00538,2026-09-20,prepaid
ORD-00539,2026-09-02,cod
ORD-00540,2026-07-29,prepaid
ORD-00541,2026-07-09,cod
ORD-00542,2026-08-04,cod
ORD-00543,2026-09-09,cod
ORD-00544,2026-08-10,prepaid
ORD-00545,2026-08-22,cod
ORD-00546,2026-08-18,cod
ORD-00547,2026-09-10,cod
ORD-00548,2026-09-12,cod
ORD-00549,2026-09-14,prepaid
ORD-00550,2026-07-09,cod
ORD-00551,2026-09-08,prepaid
ORD-00552,2026-08-30,prepaid
ORD-00553,2026-07-19,cod
ORD-00554,2026-07-20,prepaid
ORD-00555,2026-08-16,cod
ORD-00556,2026-07-14,cod
ORD-00557,2026-07-12,cod
ORD-00558,2026-08-31,prepaid
ORD-00559,2026-07-17,cod
ORD-00560,2026-08-13,cod
ORD-00561,2026-07-08,prepaid
ORD-00562,2026-08-02,cod
ORD-00563,2026-07-12,cod
ORD-00564,2026-08-17,cod
ORD-00565,2026-08-07,cod
ORD-00566,2026-08-19,prepaid
ORD-00567,2026-07-27,cod
ORD-00568,2026-07-04,cod
ORD-00569,2026-08-25,cod
ORD-00570,2026-07-02,prepaid
ORD-00571,2026-08-07,prepaid
ORD-00572,2026-07-12,cod
ORD-00573,2026-07-08,prepaid
ORD-00574,2026-09-09,prepaid
ORD-00575,2026-07-07,prepaid
ORD-00576,2026-07-01,cod
ORD-00577,2026-08-08,prepaid
ORD-00578,2026-08-01,cod
ORD-00579,2026-08-17,cod
ORD-00580,2026-08-13,cod
ORD-00581,2026-07-02,prepaid
ORD-00582,2026-07-29,cod
ORD-00583,2026-08-21,prepaid
ORD-00584,2026-09-20,cod
ORD-00585,2026-09-02,cod
ORD-00586,2026-08-07,cod
ORD-00587,2026-07-27,prepaid
ORD-00588,2026-08-23,cod
ORD-00589,2026-08-24,cod
ORD-00590,2026-09-13,cod
ORD-00591,2026-08-11,prepaid
ORD-00592,2026-08-07,cod
ORD-00593,2026-07-24,cod
ORD-00594,2026-07-16,prepaid
ORD-00595,2026-09-02,cod
ORD-00596,2026-09-13,prepaid
ORD-00597,2026-07-30,prepaid
ORD-00598,2026-08-08,cod
ORD-00599,2026-08-12,prepaid
ORD-00600,2026-09-10,cod
ORD-00601,2026-08-29,cod
ORD-00602,2026-07-17,cod
ORD-00603,2026-07-21,cod
ORD-00604,2026-08-31,cod
ORD-00605,2026-09-02,cod
ORD-00606,2026-09-11,prepaid
ORD-00607,2026-08-06,cod
ORD-00608,2026-09-07,prepaid
ORD-00609,2026-09-01,prepaid
ORD-00610,2026-07-22,cod
ORD-00611,2026-07-16,cod
ORD-00612,2026-09-04,prepaid
ORD-00613,2026-07-23,cod
ORD-00614,2026-07-24,cod
ORD-00615,2026-08-01,cod
ORD-00616,2026-07-18,cod
ORD-00617,2026-07-09,cod
ORD-00618,2026-08-12,cod
ORD-00619,2026-07-07,cod
ORD-00620,2026-09-02,prepaid
ORD-00621,2026-08-08,cod
ORD-00622,2026-08-19,prepaid
ORD-00623,2026-09-14,prepaid
ORD-00624,2026-08-02,cod
ORD-00625,2026-09-02,prepaid
ORD-00626,2026-08-21,cod
ORD-00627,2026-08-24,cod
ORD-00628,2026-08-30,cod
ORD-00629,2026-09-08,cod
ORD-00630,2026-08-07,cod
ORD-00631,2026-08-26,cod
ORD-00632,2026-09-19,cod
ORD-00633,2026-07-20,cod
ORD-00634,2026-08-20,cod
ORD-00635,2026-09-16,cod
ORD-00636,2026-08-01,cod
ORD-00637,2026-09-09,prepaid
ORD-00638,2026-07-10,prepaid
ORD-00639,2026-09-19,prepaid
ORD-00640,2026-09-02,cod
