return_id,order_line_id,return_date,dropdown_reason,other_text,human_label
RET-0001,OL-00038,2026-09-10,Other,nothing,
RET-0002,OL-00626,2026-07-22,Size issue,,
RET-0003,OL-00575,2026-09-10,Wrong item received,,
RET-0004,OL-00672,2026-07-17,Other,ek dhulai me hi sikud gayi tshirt,
RET-0005,OL-00483,2026-08-01,Other,"courier wale ne packet khula hua diya, tshirt gandi thi",
RET-0006,OL-00706,2026-08-16,Other,"Runs very small. Had to return, ordering one size up.",
RET-0007,OL-00528,2026-08-19,Quality issue,,
RET-0008,,2026-07-19,Other,defective piece,
RET-0009,OL-00306,2026-08-15,Size issue,,
RET-0010,OL-00082,2026-07-09,Changed my mind,,
RET-0011,OL-00130,2026-08-19,Other,"zip kharab hai, band nahi hoti",
RET-0012,OL-00678,2026-07-07,Quality issue,,
RET-0013,OL-00270,2026-08-17,Size issue,,
RET-0014,OL-00165,2026-08-18,Size issue,,
RET-0015,OL-00291,2026-09-02,Other,t shirt ka colour nikal gaya pehle wash me,
RET-0016,OL-00336,2026-07-19,Other,Size chart ke hisab se M liya but bahut chota nikla,
RET-0017,OL-00318,2026-08-25,Other,"bachche ko chhoti pad rahi hai, 4-5 saal ka size liya tha",
RET-0018,OL-00151,2026-09-29,Wrong item received,,
RET-0019,OL-00367,2026-07-29,Other,"saree ka colour bilkul alag hai, photo me kuch aur dikhaya",
RET-0020,OL-00091,2026-08-05,Other,length to theek hai par kamar pe tight,
RET-0021,OL-00119,2026-08-30,Other,"colour fade lag raha hai aur kapda bhi patla, paisa barbaad",
RET-0022,OL-00574,2026-08-09,Other,shaadi cancel ho gayi ab zaroorat nahi,
RET-0023,OL-00194,2026-08-26,Changed my mind,,
RET-0024,OL-00713,2026-09-17,Quality issue,,
RET-0025,OL-99999,2026-08-05,Other,colour alag,
RET-0026,OL-00132,2026-07-15,Other,"abhi zaroorat nahi, baad me lungi",
RET-0027,OL-00606,2026-07-14,Other,L manga tha XL bhej diya,
RET-0028,OL-00227,2026-09-13,Other,"साइज़ बहुत छोटा है, फिटिंग ठीक नहीं",
RET-0029,OL-00139,2026-07-14,Other,ok,
RET-0030,OL-00660,2026-08-10,Other,"loose hai bahut, M liya tha L jaisa lag raha",
RET-0031,OL-00179,2026-07-18,Other,theek nahi hai,
RET-0032,OL-00029,2026-08-21,Other,.....,
RET-0033,OL-00210,2026-08-21,Quality issue,,
RET-0034,OL-00243,2026-08-12,Size issue,,
RET-0035,OL-00222,2026-08-21,Size issue,,
RET-0036,OL-00433,2026-09-15,Quality issue,,
RET-0037,OL-00673,2026-07-21,Other,"size bahut chhota hai, L manga tha par M jaisa fit aaya",
RET-0038,OL-00171,2026-08-20,Quality issue,,
RET-0039,OL-00607,2026-09-24,Other,dhaga nikla hua tha ek jagah,
RET-0040,OL-00086,2026-07-26,Other,na,
RET-0041,OL-00352,2026-07-12,Changed my mind,,
RET-0042,OL-00650,2026-07-24,Other,beta bola ye wala nahi chahiye 😅,
RET-0043,OL-00740,2026-08-14,Changed my mind,,
RET-0044,OL-00417,2026-09-05,Other,"too tight on the arms, cant even lift my hand",
RET-0045,OL-00742,2026-09-28,Changed my mind,,
RET-0046,OL-00183,2026-07-10,Other,embroidery ke dhaage nikal rahe hain,
RET-0047,OL-00158,2026-07-28,Other,"colour photo me maroon tha, aaya to laal hai",
RET-0048,OL-00497,2026-08-28,Size issue,,
RET-0049,OL-00277,2026-07-24,Other,"kurti chhoti pad gayi, meri behen ko bhi nahi aayi",
RET-0050,OL-00284,2026-07-22,Other,"kapda bahut patla hai, andar ka dikhta hai",
RET-0051,OL-00613,2026-07-08,Other,👍,
RET-0052,OL-00536,2026-09-14,Other,sleeves bohot tight hai 😡 pehna hi nahi ja raha,
RET-0053,OL-00526,2026-07-20,Wrong item received,,
RET-0054,OL-00343,2026-08-31,Other,2 size bada mangana padega kya?? bahut choti hai,
RET-0055,OL-00312,2026-09-17,Quality issue,,
RET-0056,OL-00131,2026-08-29,Other,Print cracked after one wash.,
RET-0057,OL-00297,2026-07-29,Size issue,,
RET-0058,OL-00635,2026-08-11,Other,mummy ko pasand nahi aaya,
RET-0059,OL-00597,2026-08-27,Other,Colour is darker than the picture,
RET-0060,OL-00714,2026-08-10,Other,"palazzo ki length bahut zyada hai, zameen pe lag rahi",
RET-0061,OL-00075,2026-07-29,Other,"fitting acchi nahi, baju bahut tight hain",
RET-0062,OL-00441,2026-07-06,Size issue,,
RET-0063,OL-00376,2026-08-31,Other,"packet phata hua aaya, saree pe daag lag gaya tha",
RET-0064,OL-00429,2026-09-03,Other,"Fabric is not silk as shown, feels like cheap polyester",
RET-0065,OL-00340,2026-08-13,Other,XL order kiya tha phir bhi chest pe tight,
RET-0066,OL-00095,2026-09-22,Other,size theek hai par length chhoti hai frock ki,
RET-0067,OL-00382,2026-09-28,Other,रंग फोटो से अलग है,
RET-0068,OL-00658,2026-08-24,Other,"galat size bheja, tag pe 8Y hai maine 6Y manga tha",
RET-0069,OL-00569,2026-09-27,Quality issue,,
RET-0070,OL-00506,2026-08-26,Other,"sweater chubhta hai, wool quality kharab",
RET-0071,OL-00304,2026-07-22,Other,Sleeves are too long for size M,
RET-0072,OL-00557,2026-07-22,Changed my mind,,
RET-0073,OL-00142,2026-08-06,Other,refund jaldi karo mera email rohit.s91@gmail.com,
RET-0074,OL-00026,2026-07-11,Other,do baar same order aa gaya galti se,
RET-0075,,2026-09-23,Other,size chota hai,
RET-0076,OL-00247,2026-08-21,Wrong item received,,
RET-0077,OL-00231,2026-09-03,Other,"small size aaya h jbki maine L order kiya tha, label pe L hi likha h",
RET-0078,OL-00346,2026-07-14,Other,kurta acha hai par size bada hai,
RET-0079,OL-00185,2026-09-23,Wrong item received,,
RET-0080,OL-00059,2026-07-14,Changed my mind,,
RET-0081,OL-00679,2026-08-19,Other,"socha tha safed hoga, ye to cream hai",
RET-0082,OL-00070,2026-08-16,Other,bht choti h kurti.. size sahi nhi h,
RET-0083,OL-00577,2026-08-28,Other,"Chest tight, baaki thik. Exchange chahiye tha par option nahi mila",
RET-0084,OL-00718,2026-07-27,Other,stitching is coming off near the collar,
RET-0085,OL-00684,2026-07-08,Changed my mind,,
RET-0086,OL-00686,2026-09-01,Changed my mind,,
RET-0087,OL-00309,2026-09-20,Other,theek hai par mann nahi bhara,
RET-0088,OL-00527,2026-07-23,Other,silai khul gayi pehli baar pehente hi,
RET-0089,OL-00477,2026-07-16,Size issue,,
RET-0090,OL-00190,2026-07-18,Other,chikan work bahut sundar hai par size thoda bada hai,
RET-0091,OL-00198,2026-09-25,Wrong item received,,
RET-0092,OL-00550,2026-09-20,Other,button toota hua tha,
RET-0093,OL-00120,2026-09-05,Other,"gift ke liye liya tha, unhe pasand nahi aaya",
RET-0094,OL-00298,2026-08-11,Changed my mind,,
RET-0095,OL-00401,2026-08-26,Other,same cheez dukaan pe sasti mil gayi,
RET-0096,OL-00510,2026-07-30,Wrong item received,,
RET-0097,OL-00498,2026-07-18,Wrong item received,,
RET-0098,OL-00556,2026-09-19,Other,pls call 9812345678 size issue hai chota aaya,
RET-0099,OL-00724,2026-08-08,Other,thoda dheela hai kandhe se,
RET-0100,OL-00473,2026-08-13,Other,accha nahi laga,
RET-0101,OL-00093,2026-07-30,Other,,
RET-0102,OL-00146,2026-08-10,Other,pallu pe chhed tha,
RET-0103,OL-00624,2026-07-09,Other,size chhota aur colour bhi photo se alag hai,
RET-0104,OL-00633,2026-08-04,Other,"delivery bahut late aayi, function nikal gaya",
RET-0105,OL-00705,2026-08-19,Other,dupatta bahut chhota hai length me,
RET-0106,OL-00126,2026-08-15,Quality issue,,
RET-0107,OL-00257,2026-08-16,Size issue,,
RET-0108,OL-00398,2026-08-04,Other,"kapda soft nahi hai, bachche ko rashes ho gaye",
RET-0109,OL-00491,2026-08-15,Other,blouse piece nahi tha saath me,
RET-0110,OL-00731,2026-08-31,Wrong item received,,
RET-0111,OL-00186,2026-08-21,Size issue,,
RET-0112,OL-00689,2026-08-14,Size issue,,
RET-0113,OL-00723,2026-08-01,Wrong item received,,
RET-0114,OL-00432,2026-09-14,Other,"wah kya quality hai, ek din me phat gaya 👏",
RET-0115,OL-00511,2026-08-01,Wrong item received,,
RET-0116,OL-00150,2026-08-09,Other,bachi ko frock chhoti aayi,
RET-0117,OL-00331,2026-07-18,Other,"kurta tight hai shoulders pe, wapas kar rahi hu",
RET-0118,OL-00537,2026-09-03,Changed my mind,,
RET-0119,OL-00080,2026-08-15,Quality issue,,
RET-0120,OL-00614,2026-07-13,Other,collar dheela ho gaya 2 din me,
RET-0121,OL-00127,2026-08-31,Changed my mind,,
RET-0122,OL-00386,2026-08-15,Other,"mene green order ki thi, blue bhej di",
RET-0123,OL-00251,2026-07-12,Other,bacche ne pehenne se mana kar diya,
RET-0124,OL-00213,2026-07-29,Changed my mind,,
RET-0125,OL-00211,2026-07-27,Wrong item received,,
RET-0126,OL-00073,2026-09-12,Other,"bahut dheela hai, M liya tha par XL jaisa lag raha hai",
RET-0127,OL-00219,2026-09-02,Other,"size chart se S order kiya, phir bhi bada aaya",
RET-0128,OL-00326,2026-07-26,Other,"Way too loose, I am swimming in it. Usual size M.",
RET-0129,OL-00368,2026-07-13,Other,"kurta bahut bada hai, kandhe latak rahe hain",
RET-0130,OL-00514,2026-09-10,Other,"साइज़ बहुत बड़ा है, ढीला लग रहा है",
RET-0131,OL-00562,2026-08-11,Other,tunic bohot loose h.. ek size chhota lena chahiye tha shayad,
